,resort,precipitation,temp_max,temp_min,wind
0,resort #1,0.0,12.8,5.0,4.7
1,resort #2,10.9,10.6,2.8,4.5
2,resort #3,0.8,11.7,7.2,2.3
3,resort #4,20.3,12.2,5.6,4.7
4,resort #5,1.3,8.9,2.8,6.1
5,resort #6,2.5,4.4,2.2,2.2
6,resort #7,0.0,7.2,2.8,2.3
7,resort #8,0.0,10.0,2.8,2.0
8,resort #9,4.3,9.4,5.0,3.4
9,resort #10,1.0,6.1,0.6,3.4
10,resort #11,0.0,6.1,-1.1,5.1
11,resort #12,0.0,6.1,-1.7,1.9
12,resort #13,0.0,5.0,-2.8,1.3
13,resort #14,4.1,4.4,0.6,5.3
14,resort #15,5.3,1.1,-3.3,3.2
15,resort #16,2.5,1.7,-2.8,5.0
16,resort #17,8.1,3.3,0.0,5.6
17,resort #18,19.8,0.0,-2.8,5.0
18,resort #19,15.2,-1.1,-2.8,1.6
19,resort #20,13.5,7.2,-1.1,2.3
20,resort #21,3.0,8.3,3.3,8.2
21,resort #22,6.1,6.7,2.2,4.8
22,resort #23,0.0,8.3,1.1,3.6
23,resort #24,8.6,10.0,2.2,5.1
24,resort #25,8.1,8.9,4.4,5.4
25,resort #26,4.8,8.9,1.1,4.8
26,resort #27,0.0,6.7,-2.2,1.4
27,resort #28,0.0,6.7,0.6,2.2
28,resort #29,27.7,9.4,3.9,4.5
29,resort #30,3.6,8.3,6.1,5.1
30,resort #31,1.8,9.4,6.1,3.9
31,resort #32,13.5,8.9,3.3,2.7
32,resort #33,0.0,8.3,1.7,2.6
33,resort #34,0.0,14.4,2.2,5.3
34,resort #35,0.0,15.6,5.0,4.3
35,resort #36,0.0,13.9,1.7,2.9
36,resort #37,0.0,16.1,1.7,5.0
37,resort #38,0.3,15.6,7.8,5.3
38,resort #39,2.8,10.0,5.0,2.7
39,resort #40,2.5,11.1,7.8,2.4
40,resort #41,2.5,12.8,6.7,3.0
41,resort #42,0.8,8.9,5.6,3.4
42,resort #43,1.0,8.3,5.0,1.3
43,resort #44,11.4,7.2,4.4,1.4
44,resort #45,2.5,6.7,1.1,3.1
45,resort #46,0.0,7.2,0.6,1.8
46,resort #47,1.8,7.2,3.3,2.1
47,resort #48,17.3,10.0,4.4,3.4
48,resort #49,6.4,6.7,3.9,8.1
49,resort #50,0.0,6.7,2.2,4.7
50,resort #51,3.0,7.8,1.7,2.9
51,resort #52,0.8,10.0,7.8,7.5
52,resort #53,8.6,10.0,2.8,5.9
53,resort #54,0.0,8.3,2.8,3.9
54,resort #55,11.4,6.7,4.4,3.5
55,resort #56,0.0,7.2,2.8,6.4
56,resort #57,1.3,5.0,-1.1,3.4
57,resort #58,0.0,6.7,-2.2,3.0
58,resort #59,3.6,6.7,-0.6,4.2
59,resort #60,0.8,5.0,1.1,7.0
60,resort #61,0.0,6.1,1.1,3.1
61,resort #62,2.0,6.7,3.9,5.1
62,resort #63,0.0,12.2,6.7,7.0
63,resort #64,0.0,10.6,6.7,5.6
64,resort #65,6.9,7.8,1.1,6.2
65,resort #66,0.5,6.7,0.0,2.7
66,resort #67,0.0,8.9,-1.7,2.7
67,resort #68,0.0,15.6,0.6,2.5
68,resort #69,3.6,9.4,5.0,2.8
69,resort #70,10.4,7.2,6.1,3.4
70,resort #71,13.7,6.7,2.8,5.8
71,resort #72,19.3,8.3,0.6,6.2
72,resort #73,9.4,5.6,0.6,5.3
73,resort #74,8.6,7.8,1.1,4.7
74,resort #75,23.9,11.1,5.6,5.8
75,resort #76,8.4,8.9,3.9,5.1
76,resort #77,9.4,10.0,0.6,3.8
77,resort #78,3.6,5.0,-0.6,2.7
78,resort #79,2.0,7.2,-1.1,3.0
79,resort #80,3.6,7.8,2.2,6.4
80,resort #81,1.3,8.9,1.1,2.5
81,resort #82,4.1,10.0,1.7,2.1
82,resort #83,0.0,12.2,0.6,2.8
83,resort #84,0.0,15.0,3.3,5.2
84,resort #85,0.0,13.3,2.2,2.7
85,resort #86,0.0,12.8,6.1,4.3
86,resort #87,4.8,14.4,6.7,3.8
87,resort #88,1.3,10.6,7.2,5.9
88,resort #89,27.4,10.0,6.1,4.4
89,resort #90,5.6,9.4,5.0,4.7
90,resort #91,13.2,10.0,2.8,3.4
91,resort #92,1.5,8.9,4.4,6.8
92,resort #93,0.0,16.7,4.4,3.1
93,resort #94,1.5,11.7,3.3,3.1
94,resort #95,0.0,10.6,2.8,2.1
95,resort #96,4.6,9.4,2.8,1.8
96,resort #97,0.3,11.1,3.3,2.6
97,resort #98,0.0,16.1,1.7,4.3
98,resort #99,0.0,21.1,7.2,4.1
99,resort #100,0.0,20.0,6.1,2.1
100,resort #101,0.0,17.8,8.9,3.2
101,resort #102,2.3,11.1,7.2,2.6
102,resort #103,0.5,13.9,5.6,2.6
103,resort #104,0.0,15.0,3.9,4.0
104,resort #105,0.0,15.6,3.3,3.0
105,resort #106,0.0,16.1,7.2,2.9
106,resort #107,8.1,13.3,6.7,5.8
107,resort #108,1.8,10.0,4.4,2.0
108,resort #109,1.8,13.3,7.2,3.9
109,resort #110,10.9,13.9,5.0,2.6
110,resort #111,6.6,13.3,6.7,2.7
111,resort #112,0.0,20.0,4.4,2.3
112,resort #113,0.0,23.3,8.3,2.6
113,resort #114,0.0,21.7,8.9,3.5
114,resort #115,4.3,13.9,10.0,2.8
115,resort #116,10.7,16.7,8.9,2.6
116,resort #117,3.8,13.9,6.7,5.2
117,resort #118,0.8,13.3,6.1,4.8
118,resort #119,0.0,16.1,8.3,2.5
119,resort #120,4.3,15.6,8.9,1.6
120,resort #121,4.3,12.8,7.2,8.0
121,resort #122,0.5,11.7,6.1,6.4
122,resort #123,0.5,13.3,5.6,2.5
123,resort #124,18.5,11.1,7.2,3.4
124,resort #125,1.8,12.2,6.1,4.6
125,resort #126,0.0,13.3,5.0,2.3
126,resort #127,0.0,17.8,5.0,2.4
127,resort #128,0.0,23.9,6.1,2.2
128,resort #129,0.0,18.3,9.4,3.0
129,resort #130,0.0,13.3,6.7,3.9
130,resort #131,0.0,14.4,3.9,3.0
131,resort #132,0.0,18.3,4.4,4.3
132,resort #133,0.0,24.4,6.7,3.4
133,resort #134,0.0,25.6,9.4,4.2
134,resort #135,0.0,26.7,12.8,3.8
135,resort #136,0.0,24.4,9.4,4.1
136,resort #137,0.0,19.4,9.4,3.5
137,resort #138,0.0,17.8,6.7,2.9
138,resort #139,0.0,15.6,7.8,3.1
139,resort #140,0.0,19.4,7.2,1.5
140,resort #141,6.4,14.4,11.7,1.3
141,resort #142,14.0,16.7,10.0,4.0
142,resort #143,6.1,12.8,8.9,4.8
143,resort #144,0.3,14.4,8.9,6.3
144,resort #145,0.0,17.2,8.9,3.3
145,resort #146,0.0,22.2,8.9,3.1
146,resort #147,0.0,22.2,8.9,3.6
147,resort #148,0.0,17.2,11.7,3.7
148,resort #149,0.0,16.7,10.0,3.4
149,resort #150,0.0,16.1,7.8,1.8
150,resort #151,0.3,18.9,11.1,1.5
151,resort #152,3.8,17.8,12.2,2.7
152,resort #153,6.6,20.0,12.8,3.7
153,resort #154,0.3,18.9,10.6,3.7
154,resort #155,0.0,17.2,9.4,2.9
155,resort #156,1.3,12.8,8.9,3.1
156,resort #157,16.0,13.3,8.3,3.3
157,resort #158,0.0,16.1,6.1,3.4
158,resort #159,16.5,16.1,8.9,3.5
159,resort #160,1.5,15.0,8.3,3.0
160,resort #161,0.0,17.2,8.3,4.7
161,resort #162,0.0,18.9,10.0,2.9
162,resort #163,0.0,23.3,10.0,1.8
163,resort #164,0.8,18.3,12.8,3.9
164,resort #165,0.0,16.1,11.1,4.3
165,resort #166,0.0,17.2,10.0,2.7
166,resort #167,0.0,22.2,9.4,1.7
167,resort #168,0.0,21.1,15.0,4.1
168,resort #169,0.0,18.9,11.7,6.4
169,resort #170,3.0,17.2,10.0,3.8
170,resort #171,1.0,19.4,10.0,3.0
171,resort #172,0.0,24.4,10.0,3.0
172,resort #173,0.0,23.9,11.7,2.1
173,resort #174,15.7,13.9,11.7,1.9
174,resort #175,8.6,15.6,9.4,2.5
175,resort #176,0.0,19.4,9.4,2.0
176,resort #177,0.5,19.4,11.1,3.1
177,resort #178,0.0,18.3,10.6,3.4
178,resort #179,0.0,22.8,8.9,1.8
179,resort #180,0.0,22.2,11.7,2.5
180,resort #181,0.3,21.7,15.0,1.9
181,resort #182,3.0,20.0,13.3,2.4
182,resort #183,0.0,20.0,12.2,2.3
183,resort #184,2.0,18.9,11.7,2.1
184,resort #185,5.8,18.3,10.6,6.0
185,resort #186,0.0,20.6,9.4,3.8
186,resort #187,0.0,24.4,10.6,3.1
187,resort #188,0.0,25.0,11.1,2.1
188,resort #189,0.0,26.7,12.8,3.8
189,resort #190,0.0,28.3,14.4,2.8
190,resort #191,1.5,25.0,12.8,2.0
191,resort #192,0.0,23.9,11.1,2.3
192,resort #193,0.0,27.8,13.3,2.9
193,resort #194,0.0,25.6,13.3,2.7
194,resort #195,0.5,23.3,13.9,2.2
195,resort #196,0.0,25.0,15.0,2.2
196,resort #197,0.0,18.9,13.3,3.8
197,resort #198,0.3,26.1,13.3,2.5
198,resort #199,0.0,21.7,15.0,2.6
199,resort #200,0.0,21.1,14.4,2.9
200,resort #201,0.0,25.0,14.4,2.2
201,resort #202,15.2,19.4,13.9,4.0
202,resort #203,0.0,23.9,13.9,2.3
203,resort #204,1.0,20.6,12.2,3.9
204,resort #205,0.0,18.9,11.1,3.3
205,resort #206,0.0,23.3,12.2,4.3
206,resort #207,0.0,26.7,12.8,2.6
207,resort #208,0.0,25.6,12.8,2.2
208,resort #209,0.0,18.9,13.9,2.8
209,resort #210,0.0,22.2,13.3,1.7
210,resort #211,0.0,22.8,15.0,2.0
211,resort #212,0.0,19.4,13.3,3.0
212,resort #213,0.0,22.8,13.9,2.8
213,resort #214,0.0,23.9,13.3,2.2
214,resort #215,0.0,23.3,12.2,2.5
215,resort #216,0.0,27.2,12.8,3.9
216,resort #217,0.0,33.9,16.7,3.7
217,resort #218,0.0,33.9,17.8,1.9
218,resort #219,0.0,28.3,15.6,2.5
219,resort #220,0.0,21.1,15.0,2.6
220,resort #221,0.0,22.2,15.0,3.1
221,resort #222,0.0,24.4,14.4,3.8
222,resort #223,0.0,25.6,12.2,2.3
223,resort #224,0.0,28.3,13.3,2.5
224,resort #225,0.0,30.6,15.0,3.0
225,resort #226,0.0,30.6,15.0,2.8
226,resort #227,0.0,28.9,13.9,2.8
227,resort #228,0.0,31.1,16.7,4.7
228,resort #229,0.0,34.4,18.3,2.8
229,resort #230,0.0,32.8,16.1,1.8
230,resort #231,0.0,21.7,14.4,3.0
231,resort #232,0.0,23.3,15.0,2.7
232,resort #233,0.0,25.6,15.0,1.9
233,resort #234,0.0,23.3,13.3,3.0
234,resort #235,0.0,22.2,13.3,2.3
235,resort #236,0.0,21.1,13.9,3.8
236,resort #237,0.0,22.2,10.0,3.3
237,resort #238,0.0,26.1,11.7,3.2
238,resort #239,0.0,21.1,12.2,3.4
239,resort #240,0.0,23.9,13.3,1.8
240,resort #241,0.0,22.8,12.2,3.2
241,resort #242,0.0,22.8,13.3,2.4
242,resort #243,0.0,22.8,12.8,1.9
243,resort #244,0.0,22.2,10.6,2.9
244,resort #245,0.0,21.7,10.6,2.1
245,resort #246,0.0,21.1,10.0,2.0
246,resort #247,0.0,22.8,12.8,3.3
247,resort #248,0.0,24.4,11.1,3.1
248,resort #249,0.0,26.1,11.7,2.6
249,resort #250,0.0,28.3,14.4,4.2
250,resort #251,0.0,32.2,13.3,3.1
251,resort #252,0.0,25.0,13.3,3.0
252,resort #253,0.3,18.9,13.9,5.0
253,resort #254,0.3,20.0,11.7,3.9
254,resort #255,0.0,20.0,8.9,4.2
255,resort #256,0.0,22.2,10.0,5.6
256,resort #257,0.0,27.8,11.7,3.6
257,resort #258,0.0,26.1,11.1,1.5
258,resort #259,0.0,22.2,11.1,1.9
259,resort #260,0.0,24.4,9.4,2.3
260,resort #261,0.0,27.8,11.7,2.2
261,resort #262,0.0,27.8,11.7,1.4
262,resort #263,0.0,23.9,11.7,1.9
263,resort #264,0.0,19.4,10.0,2.5
264,resort #265,0.0,16.1,12.8,2.1
265,resort #266,0.3,19.4,11.7,1.1
266,resort #267,0.0,19.4,10.0,1.4
267,resort #268,0.0,21.1,10.0,1.8
268,resort #269,0.0,19.4,11.1,1.7
269,resort #270,0.0,19.4,9.4,1.7
270,resort #271,0.0,22.8,10.0,1.7
271,resort #272,0.0,25.0,12.2,1.1
272,resort #273,0.0,20.6,12.2,4.3
273,resort #274,0.0,21.1,7.8,3.1
274,resort #275,0.0,23.3,8.9,3.0
275,resort #276,0.0,17.8,10.0,4.1
276,resort #277,0.0,18.9,7.8,7.3
277,resort #278,0.0,18.9,8.3,6.5
278,resort #279,0.0,21.7,8.9,5.7
279,resort #280,0.0,23.9,7.8,5.1
280,resort #281,0.0,23.9,7.8,1.3
281,resort #282,0.0,21.1,7.8,1.9
282,resort #283,0.0,16.1,8.9,1.6
283,resort #284,0.0,12.2,8.3,1.4
284,resort #285,0.0,13.9,7.2,1.3
285,resort #286,2.0,13.9,8.9,4.6
286,resort #287,4.8,15.6,12.2,3.9
287,resort #288,16.5,17.8,13.3,3.4
288,resort #289,7.9,17.2,11.1,4.6
289,resort #290,0.0,16.1,8.3,5.5
290,resort #291,0.0,14.4,6.1,1.6
291,resort #292,20.8,17.8,6.7,2.0
292,resort #293,4.8,15.0,9.4,5.3
293,resort #294,0.5,11.1,6.1,5.7
294,resort #295,6.4,11.7,4.4,2.7
295,resort #296,8.9,7.8,3.3,2.6
296,resort #297,0.0,11.1,5.6,3.0
297,resort #298,7.1,11.7,6.1,2.1
298,resort #299,0.0,11.7,6.7,1.5
299,resort #300,1.5,11.1,7.2,2.5
300,resort #301,23.1,14.4,9.4,5.1
301,resort #302,6.1,14.4,10.0,3.8
302,resort #303,10.9,15.6,10.0,4.9
303,resort #304,34.5,15.0,12.2,2.8
304,resort #305,14.5,15.6,11.1,2.7
305,resort #306,9.7,15.0,10.6,3.0
306,resort #307,5.6,15.0,10.6,1.0
307,resort #308,0.5,15.6,11.1,3.6
308,resort #309,8.1,17.8,12.8,3.8
309,resort #310,0.8,15.0,7.8,4.0
310,resort #311,0.3,12.8,6.7,3.5
311,resort #312,0.0,12.2,3.9,3.4
312,resort #313,0.0,10.0,1.1,3.4
313,resort #314,0.0,8.9,1.1,2.0
314,resort #315,0.0,7.8,-0.6,2.2
315,resort #316,15.2,8.9,1.1,3.0
316,resort #317,3.6,12.8,6.1,3.0
317,resort #318,5.3,11.1,7.8,2.5
318,resort #319,0.8,11.1,5.0,2.6
319,resort #320,0.0,9.4,2.8,2.4
320,resort #321,5.6,9.4,2.2,1.6
321,resort #322,6.1,12.2,6.1,5.3
322,resort #323,7.9,10.0,6.1,4.9
323,resort #324,54.1,13.3,8.3,6.0
324,resort #325,3.8,11.1,7.2,4.2
325,resort #326,11.2,8.3,3.9,5.5
326,resort #327,0.0,8.9,2.8,1.5
327,resort #328,32.0,9.4,6.1,2.4
328,resort #329,0.0,8.9,3.9,1.2
329,resort #330,0.0,8.3,1.1,3.6
330,resort #331,0.0,9.4,1.7,3.8
331,resort #332,0.0,10.0,1.7,1.5
332,resort #333,2.8,9.4,2.2,2.9
333,resort #334,1.5,12.8,7.8,4.2
334,resort #335,35.6,15.0,7.8,4.6
335,resort #336,4.1,13.3,8.3,5.5
336,resort #337,19.6,8.3,7.2,6.2
337,resort #338,13.0,9.4,7.2,4.4
338,resort #339,14.2,11.7,7.2,6.2
339,resort #340,1.5,8.9,4.4,5.0
340,resort #341,1.5,7.2,6.1,5.1
341,resort #342,1.0,7.8,3.3,4.6
342,resort #343,0.0,6.7,3.3,2.0
343,resort #344,1.5,6.7,2.8,2.1
344,resort #345,0.5,7.2,5.6,1.8
345,resort #346,3.0,7.8,5.6,4.5
346,resort #347,8.1,6.7,4.4,2.0
347,resort #348,2.3,7.2,3.3,2.8
348,resort #349,7.9,6.1,1.1,1.7
349,resort #350,5.3,4.4,0.6,5.1
350,resort #351,22.6,6.7,3.3,5.5
351,resort #352,2.0,8.3,1.7,9.5
352,resort #353,3.3,3.9,0.6,5.3
353,resort #354,13.7,8.3,1.7,5.8
354,resort #355,13.2,7.2,0.6,3.7
355,resort #356,1.8,8.3,-1.7,1.7
356,resort #357,3.3,8.3,3.9,3.5
357,resort #358,6.6,7.2,3.3,2.5
358,resort #359,0.3,5.6,2.8,2.8
359,resort #360,13.5,5.6,2.8,4.2
360,resort #361,4.6,6.7,3.3,4.9
361,resort #362,4.1,7.8,3.3,3.2
362,resort #363,0.0,8.3,3.9,1.7
363,resort #364,1.5,5.0,3.3,1.7
364,resort #365,0.0,4.4,0.0,1.8
365,resort #366,0.0,3.3,-1.1,2.0
366,resort #367,0.0,5.0,-2.8,2.7
367,resort #368,0.0,6.1,-1.1,3.2
368,resort #369,4.1,6.7,-1.7,3.0
369,resort #370,2.5,10.0,2.2,2.8
370,resort #371,3.0,6.7,4.4,3.1
371,resort #372,2.0,7.2,2.8,3.0
372,resort #373,2.3,10.0,4.4,7.3
373,resort #374,16.3,11.7,5.6,6.3
374,resort #375,38.4,10.0,1.7,5.1
375,resort #376,0.3,3.3,-0.6,2.1
376,resort #377,0.0,2.8,-2.8,1.9
377,resort #378,0.0,2.8,-3.9,2.0
378,resort #379,0.0,2.2,-4.4,1.5
379,resort #380,0.0,3.3,-2.2,1.3
380,resort #381,0.0,6.7,-0.6,2.3
381,resort #382,0.0,6.1,-3.9,1.8
382,resort #383,0.0,3.9,-2.8,1.0
383,resort #384,0.0,3.3,-1.1,1.3
384,resort #385,0.0,1.1,-0.6,1.9
385,resort #386,0.0,3.3,-0.6,2.1
386,resort #387,0.0,2.2,-1.7,1.1
387,resort #388,0.0,3.3,-1.7,0.6
388,resort #389,5.1,7.2,2.2,3.1
389,resort #390,5.8,7.2,1.1,2.6
390,resort #391,3.0,10.6,2.8,2.1
391,resort #392,2.3,8.3,3.9,4.5
392,resort #393,1.8,5.6,3.9,4.5
393,resort #394,7.9,6.1,3.3,3.2
394,resort #395,4.3,8.3,5.0,3.9
395,resort #396,3.6,8.9,6.7,3.9
396,resort #397,3.0,9.4,7.2,4.0
397,resort #398,0.3,11.7,5.0,2.9
398,resort #399,0.0,6.1,2.8,2.0
399,resort #400,2.3,8.9,2.8,2.9
400,resort #401,0.0,10.6,6.7,2.6
401,resort #402,3.3,10.0,6.7,5.1
402,resort #403,1.0,10.6,6.1,4.5
403,resort #404,1.3,9.4,3.3,4.1
404,resort #405,0.0,7.8,2.2,1.3
405,resort #406,0.3,8.3,4.4,1.3
406,resort #407,0.0,8.9,1.7,2.0
407,resort #408,0.3,8.3,4.4,1.4
408,resort #409,1.0,11.1,7.2,5.6
409,resort #410,2.3,9.4,7.2,4.1
410,resort #411,1.0,9.4,5.6,2.2
411,resort #412,0.0,13.3,5.0,2.4
412,resort #413,0.0,11.1,3.9,5.6
413,resort #414,0.0,9.4,4.4,3.4
414,resort #415,0.0,7.8,3.9,1.9
415,resort #416,0.0,10.6,1.7,3.4
416,resort #417,1.5,7.8,1.1,2.1
417,resort #418,0.5,6.7,3.9,6.2
418,resort #419,9.4,7.8,3.9,8.1
419,resort #420,0.3,10.0,3.9,4.6
420,resort #421,0.0,8.9,5.0,5.5
421,resort #422,2.3,10.6,3.3,7.1
422,resort #423,0.5,8.9,3.9,3.8
423,resort #424,4.6,10.0,4.4,1.8
424,resort #425,8.1,11.7,6.7,3.8
425,resort #426,4.1,15.0,11.1,5.4
426,resort #427,0.8,13.9,5.0,4.5
427,resort #428,0.0,11.1,2.2,2.8
428,resort #429,0.0,13.3,0.0,3.9
429,resort #430,0.0,9.4,6.1,2.4
430,resort #431,11.9,7.2,5.0,4.1
431,resort #432,7.4,12.2,5.0,2.5
432,resort #433,0.0,11.7,2.2,2.6
433,resort #434,0.0,12.8,1.1,1.3
434,resort #435,0.8,7.8,3.9,1.6
435,resort #436,1.3,10.6,6.1,1.1
436,resort #437,2.0,12.8,10.0,5.7
437,resort #438,2.3,11.7,9.4,3.7
438,resort #439,2.8,11.7,9.4,3.0
439,resort #440,0.0,14.4,8.9,4.3
440,resort #441,4.3,10.6,4.4,6.4
441,resort #442,0.0,8.9,3.9,6.1
442,resort #443,0.0,11.7,3.9,5.9
443,resort #444,11.7,12.8,1.7,3.4
444,resort #445,9.9,11.1,4.4,7.6
445,resort #446,8.1,10.0,2.2,4.9
446,resort #447,0.0,9.4,0.6,2.2
447,resort #448,0.0,10.0,1.1,2.6
448,resort #449,0.0,12.2,0.6,2.1
449,resort #450,0.0,16.7,4.4,2.8
450,resort #451,0.0,16.7,6.1,1.7
451,resort #452,0.3,13.3,7.2,1.6
452,resort #453,2.0,16.1,8.3,1.3
453,resort #454,0.0,18.3,7.8,2.5
454,resort #455,0.0,20.0,5.6,4.4
455,resort #456,0.0,20.6,6.7,2.9
456,resort #457,0.0,17.2,8.3,3.6
457,resort #458,0.0,13.9,8.9,2.2
458,resort #459,0.0,16.7,7.8,1.6
459,resort #460,8.4,14.4,10.0,3.0
460,resort #461,18.5,13.9,10.0,5.6
461,resort #462,12.7,12.2,7.2,5.0
462,resort #463,39.1,8.3,5.0,3.9
463,resort #464,0.8,13.3,6.1,3.1
464,resort #465,0.0,12.2,6.1,2.4
465,resort #466,9.4,15.0,8.9,6.4
466,resort #467,1.5,12.2,6.7,3.8
467,resort #468,9.7,7.8,4.4,4.6
468,resort #469,9.4,10.6,3.3,5.7
469,resort #470,5.8,12.8,4.4,2.3
470,resort #471,0.0,13.9,4.4,2.4
471,resort #472,0.3,13.9,3.3,2.6
472,resort #473,0.0,15.0,3.9,3.3
473,resort #474,5.3,11.7,6.7,4.0
474,resort #475,20.6,13.3,9.4,4.9
475,resort #476,0.0,13.9,8.3,5.8
476,resort #477,3.3,12.2,6.7,4.1
477,resort #478,0.0,16.1,5.0,4.3
478,resort #479,0.0,17.8,3.9,2.8
479,resort #480,0.0,21.1,6.1,3.0
480,resort #481,0.0,21.7,6.7,1.1
481,resort #482,0.0,20.6,8.3,2.2
482,resort #483,0.0,13.9,10.6,5.9
483,resort #484,1.0,15.0,9.4,5.2
484,resort #485,3.8,13.9,6.7,4.2
485,resort #486,0.0,12.8,4.4,2.4
486,resort #487,0.0,18.3,3.3,3.1
487,resort #488,0.0,20.6,6.7,4.0
488,resort #489,0.0,21.7,9.4,4.9
489,resort #490,0.0,25.0,11.1,6.5
490,resort #491,0.0,28.9,11.7,5.3
491,resort #492,0.0,30.6,12.2,2.0
492,resort #493,0.0,20.6,11.1,3.3
493,resort #494,0.0,19.4,11.1,1.9
494,resort #495,0.0,22.8,10.0,1.3
495,resort #496,0.0,26.1,9.4,1.0
496,resort #497,0.0,27.2,12.2,2.6
497,resort #498,6.6,21.7,13.9,3.9
498,resort #499,3.3,18.9,9.4,5.0
499,resort #500,0.0,18.3,7.8,2.4
500,resort #501,1.0,17.2,8.9,2.3
501,resort #502,0.0,21.7,12.2,2.7
502,resort #503,0.5,17.2,11.7,3.7
503,resort #504,0.0,16.7,11.1,2.9
504,resort #505,0.0,18.3,10.6,2.3
505,resort #506,0.0,19.4,9.4,1.8
506,resort #507,13.7,15.6,8.3,4.8
507,resort #508,13.7,11.1,7.2,3.0
508,resort #509,4.1,12.2,6.7,1.9
509,resort #510,0.3,16.7,8.9,2.7
510,resort #511,0.0,17.8,10.0,2.7
511,resort #512,1.5,18.3,10.6,2.2
512,resort #513,9.7,16.7,11.1,3.1
513,resort #514,0.5,17.2,11.7,2.8
514,resort #515,5.6,16.1,9.4,4.0
515,resort #516,0.0,16.7,9.4,5.3
516,resort #517,0.0,19.4,11.1,2.5
517,resort #518,0.0,22.8,12.2,2.5
518,resort #519,1.0,20.6,12.2,3.1
519,resort #520,0.0,22.2,11.1,2.9
520,resort #521,0.0,26.1,12.2,3.4
521,resort #522,0.0,26.7,14.4,3.1
522,resort #523,0.0,26.7,12.2,2.5
523,resort #524,0.0,21.7,13.3,3.2
524,resort #525,0.0,20.6,12.8,3.1
525,resort #526,0.0,20.6,11.1,3.7
526,resort #527,0.0,21.7,11.7,3.2
527,resort #528,0.0,20.0,10.0,5.7
528,resort #529,0.3,20.6,11.7,4.2
529,resort #530,0.0,21.1,11.7,2.6
530,resort #531,0.0,20.0,12.2,3.7
531,resort #532,0.0,25.6,10.0,2.9
532,resort #533,0.0,23.9,12.8,3.4
533,resort #534,0.0,25.6,13.9,3.0
534,resort #535,0.3,23.3,13.3,3.4
535,resort #536,0.0,20.0,12.8,3.7
536,resort #537,3.0,17.2,12.8,5.0
537,resort #538,0.3,20.6,12.2,1.5
538,resort #539,0.0,25.6,11.7,1.7
539,resort #540,7.9,22.2,15.0,2.1
540,resort #541,4.8,21.1,13.9,3.7
541,resort #542,9.9,23.3,14.4,2.8
542,resort #543,2.0,22.2,15.0,2.3
543,resort #544,3.6,21.1,16.7,1.3
544,resort #545,0.0,30.6,16.1,2.2
545,resort #546,0.0,30.0,18.3,1.7
546,resort #547,0.0,33.9,17.2,2.5
547,resort #548,0.0,31.7,18.3,2.3
548,resort #549,0.0,28.3,15.6,3.0
549,resort #550,0.0,26.1,16.7,3.2
550,resort #551,0.0,21.7,13.9,2.2
551,resort #552,0.0,23.3,13.9,2.6
552,resort #553,0.0,26.1,13.3,2.2
553,resort #554,0.0,23.9,13.9,2.9
554,resort #555,0.0,26.7,13.3,2.8
555,resort #556,0.0,30.0,15.0,2.5
556,resort #557,0.0,22.2,13.9,2.6
557,resort #558,0.0,22.8,12.2,3.0
558,resort #559,0.0,19.4,13.3,2.2
559,resort #560,0.0,26.1,11.1,3.1
560,resort #561,0.0,27.8,12.8,3.0
561,resort #562,0.0,27.8,14.4,4.6
562,resort #563,0.0,31.1,18.3,4.1
563,resort #564,0.0,22.2,15.0,3.7
564,resort #565,0.0,26.1,13.9,2.0
565,resort #566,0.0,27.8,13.3,1.9
566,resort #567,0.0,25.0,13.3,2.0
567,resort #568,0.0,23.9,12.8,2.3
568,resort #569,0.0,26.1,13.3,2.4
569,resort #570,0.0,31.1,13.9,3.0
570,resort #571,0.0,31.1,14.4,2.5
571,resort #572,0.0,31.1,12.8,2.3
572,resort #573,0.0,31.1,14.4,2.9
573,resort #574,0.0,25.6,12.8,2.6
574,resort #575,0.0,21.1,12.2,3.4
575,resort #576,0.0,25.0,13.3,1.4
576,resort #577,0.0,25.0,13.3,2.8
577,resort #578,0.0,21.7,13.3,1.8
578,resort #579,0.0,20.6,13.3,3.9
579,resort #580,2.0,17.2,15.0,2.0
580,resort #581,0.0,25.0,15.6,2.4
581,resort #582,0.0,28.9,15.0,3.4
582,resort #583,0.0,30.0,15.0,2.1
583,resort #584,0.0,30.6,13.9,1.4
584,resort #585,0.0,31.1,13.9,1.9
585,resort #586,0.0,28.3,14.4,2.5
586,resort #587,0.0,28.3,14.4,2.1
587,resort #588,2.3,25.6,15.0,2.9
588,resort #589,0.0,25.0,14.4,2.9
589,resort #590,0.0,25.6,16.1,1.9
590,resort #591,0.0,27.8,15.0,1.8
591,resort #592,0.8,27.2,15.0,2.0
592,resort #593,1.8,21.1,17.2,1.0
593,resort #594,0.0,28.9,16.1,2.2
594,resort #595,0.0,25.6,17.2,3.0
595,resort #596,0.0,26.1,15.6,3.1
596,resort #597,0.0,26.7,15.6,3.0
597,resort #598,0.0,25.6,16.1,4.6
598,resort #599,0.0,27.8,15.0,4.3
599,resort #600,0.0,28.9,15.0,1.9
600,resort #601,0.0,25.0,16.1,4.1
601,resort #602,0.0,25.0,16.7,2.7
602,resort #603,0.3,22.2,16.1,2.6
603,resort #604,1.0,24.4,16.1,1.9
604,resort #605,1.3,26.7,17.2,1.4
605,resort #606,5.6,26.7,15.6,1.3
606,resort #607,19.3,23.9,18.3,3.0
607,resort #608,0.0,26.1,16.1,2.9
608,resort #609,0.0,27.8,13.9,2.6
609,resort #610,0.0,27.8,15.6,2.5
610,resort #611,0.0,27.8,17.2,2.1
611,resort #612,2.3,25.0,16.7,1.7
612,resort #613,0.3,22.8,16.1,2.4
613,resort #614,27.7,20.0,15.6,2.5
614,resort #615,21.3,21.7,16.1,2.6
615,resort #616,0.0,23.3,17.2,2.0
616,resort #617,0.0,26.7,14.4,1.5
617,resort #618,0.0,26.1,13.9,2.1
618,resort #619,0.0,26.7,15.0,3.7
619,resort #620,0.0,33.9,16.1,2.4
620,resort #621,0.0,25.6,15.0,1.7
621,resort #622,0.0,18.9,15.6,2.0
622,resort #623,0.0,21.7,15.6,1.4
623,resort #624,3.3,18.9,14.4,2.2
624,resort #625,0.3,21.7,15.0,4.3
625,resort #626,0.0,17.8,13.9,2.3
626,resort #627,0.0,21.1,13.3,2.5
627,resort #628,0.0,25.6,10.0,1.5
628,resort #629,3.6,23.3,13.3,3.0
629,resort #630,0.0,21.1,13.3,2.5
630,resort #631,13.5,17.2,13.3,5.5
631,resort #632,2.8,16.1,11.1,4.5
632,resort #633,0.0,17.8,10.0,2.6
633,resort #634,2.0,16.1,9.4,3.0
634,resort #635,0.0,17.2,7.2,2.2
635,resort #636,1.0,13.9,10.6,4.3
636,resort #637,43.4,16.7,11.7,6.0
637,resort #638,16.8,14.4,11.1,7.1
638,resort #639,18.5,13.9,10.0,6.3
639,resort #640,7.9,14.4,8.9,4.7
640,resort #641,5.3,12.8,9.4,2.4
641,resort #642,0.8,14.4,8.9,0.9
642,resort #643,0.0,17.8,5.6,1.1
643,resort #644,0.0,20.0,8.3,1.6
644,resort #645,4.1,22.8,7.8,2.6
645,resort #646,0.5,16.1,11.7,6.3
646,resort #647,6.9,13.9,7.8,3.0
647,resort #648,0.0,15.0,5.6,1.6
648,resort #649,1.0,14.4,8.3,1.7
649,resort #650,9.1,13.9,10.6,1.0
650,resort #651,1.0,14.4,8.9,2.2
651,resort #652,0.0,15.0,6.7,1.8
652,resort #653,0.0,15.6,3.9,1.6
653,resort #654,0.0,15.6,5.0,0.9
654,resort #655,0.0,12.8,8.9,2.7
655,resort #656,0.0,14.4,8.9,1.7
656,resort #657,0.0,12.8,7.2,1.2
657,resort #658,0.0,10.6,7.8,1.4
658,resort #659,0.0,10.6,7.8,2.4
659,resort #660,0.0,11.7,8.3,2.5
660,resort #661,0.0,14.4,7.2,1.9
661,resort #662,0.0,12.8,6.1,0.4
662,resort #663,0.0,10.0,6.1,0.6
663,resort #664,0.0,12.2,7.8,1.8
664,resort #665,0.0,11.7,8.3,2.7
665,resort #666,1.8,13.9,8.3,4.4
666,resort #667,0.0,14.4,7.2,5.1
667,resort #668,0.0,13.3,3.3,2.2
668,resort #669,0.5,15.0,5.6,3.9
669,resort #670,0.3,14.4,10.6,2.2
670,resort #671,1.3,17.8,11.7,1.4
671,resort #672,12.7,14.4,8.3,7.9
672,resort #673,0.5,12.2,4.4,2.4
673,resort #674,0.0,10.6,3.9,1.6
674,resort #675,2.5,13.3,7.2,3.1
675,resort #676,3.8,12.8,7.8,1.7
676,resort #677,30.0,11.1,10.0,7.2
677,resort #678,0.0,13.3,7.2,4.1
678,resort #679,1.8,11.1,5.0,1.4
679,resort #680,0.0,11.1,8.3,4.4
680,resort #681,0.0,16.1,6.1,2.6
681,resort #682,4.1,15.6,8.9,2.2
682,resort #683,0.0,13.9,10.6,3.8
683,resort #684,1.3,11.1,6.1,1.1
684,resort #685,3.0,10.6,7.2,6.0
685,resort #686,0.0,10.0,5.0,4.6
686,resort #687,5.3,11.7,7.2,5.4
687,resort #688,26.2,12.8,9.4,3.9
688,resort #689,1.0,13.3,4.4,5.1
689,resort #690,0.0,7.8,1.7,4.3
690,resort #691,0.0,7.8,-0.5,3.6
691,resort #692,0.0,9.4,0.0,4.6
692,resort #693,0.0,11.1,1.1,2.6
693,resort #694,0.0,11.7,0.6,0.9
694,resort #695,0.0,12.2,2.2,0.5
695,resort #696,0.0,12.2,2.8,1.0
696,resort #697,0.0,14.4,5.6,1.3
697,resort #698,0.0,11.7,3.3,0.7
698,resort #699,0.5,9.4,5.0,2.1
699,resort #700,2.3,11.1,7.2,3.9
700,resort #701,3.0,13.3,7.8,8.8
701,resort #702,4.6,7.8,1.7,3.5
702,resort #703,0.0,5.0,-0.5,5.6
703,resort #704,0.0,4.4,-2.1,1.6
704,resort #705,0.0,1.1,-4.9,2.6
705,resort #706,0.0,1.1,-4.3,4.7
706,resort #707,0.0,0.0,-7.1,3.1
707,resort #708,0.0,2.2,-6.6,2.2
708,resort #709,0.0,1.1,-4.9,1.3
709,resort #710,0.0,5.6,0.6,1.5
710,resort #711,0.0,5.0,-1.6,0.8
711,resort #712,6.9,5.6,-0.5,2.3
712,resort #713,0.5,9.4,5.6,2.9
713,resort #714,0.0,9.4,6.1,3.7
714,resort #715,1.3,11.7,8.3,3.9
715,resort #716,0.3,10.0,4.4,1.0
716,resort #717,0.0,8.3,4.4,2.7
717,resort #718,1.3,7.8,2.2,2.8
718,resort #719,0.0,5.0,0.0,2.1
719,resort #720,5.6,8.3,0.6,3.7
720,resort #721,5.6,8.9,5.6,2.3
721,resort #722,10.7,10.6,8.3,4.0
722,resort #723,1.5,11.7,6.1,5.9
723,resort #724,0.0,8.3,2.8,1.7
724,resort #725,0.0,6.7,1.7,0.8
725,resort #726,0.0,6.7,0.6,0.5
726,resort #727,0.3,8.9,0.0,2.1
727,resort #728,0.0,9.4,3.3,1.3
728,resort #729,0.0,7.2,1.7,1.1
729,resort #730,0.3,8.9,4.4,2.6
730,resort #731,0.5,8.3,5.0,1.7
731,resort #732,0.0,7.2,3.3,1.2
732,resort #733,4.1,10.6,6.1,3.2
733,resort #734,1.5,8.9,2.8,2.6
734,resort #735,0.0,7.8,0.6,2.7
735,resort #736,0.0,8.3,-0.5,3.7
736,resort #737,0.3,7.8,-0.5,2.6
737,resort #738,12.2,8.3,5.0,1.6
738,resort #739,9.7,10.0,7.2,4.6
739,resort #740,5.8,9.4,5.6,6.3
740,resort #741,4.3,12.8,8.3,7.0
741,resort #742,21.3,14.4,7.2,8.8
742,resort #743,1.5,11.1,5.6,8.1
743,resort #744,0.0,10.6,10.0,7.1
744,resort #745,0.0,11.1,7.2,1.3
745,resort #746,0.0,11.1,5.6,2.5
746,resort #747,0.0,6.7,4.4,2.7
747,resort #748,0.0,5.6,2.8,2.3
748,resort #749,0.0,9.4,0.6,2.2
749,resort #750,0.0,6.1,3.3,2.5
750,resort #751,0.0,10.0,2.8,2.2
751,resort #752,0.0,10.0,1.7,1.5
752,resort #753,0.5,9.4,5.6,2.6
753,resort #754,0.0,10.0,2.8,5.2
754,resort #755,0.0,12.8,1.1,1.9
755,resort #756,0.0,12.2,1.1,0.8
756,resort #757,0.0,8.3,0.6,1.3
757,resort #758,0.0,9.4,1.7,1.3
758,resort #759,8.9,11.1,6.1,1.6
759,resort #760,21.6,11.1,7.2,3.4
760,resort #761,0.0,8.3,6.1,6.4
761,resort #762,2.3,7.8,5.6,2.6
762,resort #763,2.0,7.8,2.8,0.8
763,resort #764,0.0,8.9,1.1,2.5
764,resort #765,0.0,5.0,0.0,4.3
765,resort #766,0.0,2.8,-2.1,4.7
766,resort #767,0.0,-0.5,-5.5,6.6
767,resort #768,0.0,-1.6,-6.0,4.5
768,resort #769,0.0,3.3,-4.9,4.2
769,resort #770,5.1,5.6,-0.5,4.6
770,resort #771,0.5,3.9,0.0,2.4
771,resort #772,18.3,10.0,2.2,4.7
772,resort #773,17.0,12.2,5.6,3.8
773,resort #774,4.6,12.2,7.2,6.4
774,resort #775,1.8,12.8,7.8,6.3
775,resort #776,9.4,11.7,6.1,6.4
776,resort #777,11.7,11.1,5.0,5.1
777,resort #778,26.4,9.4,3.9,7.9
778,resort #779,14.5,8.3,4.4,5.5
779,resort #780,15.2,8.9,5.0,6.2
780,resort #781,1.0,8.3,3.9,6.0
781,resort #782,3.0,10.0,5.6,6.9
782,resort #783,2.8,6.7,3.9,2.9
783,resort #784,2.5,5.6,2.8,3.1
784,resort #785,6.1,7.2,3.9,2.6
785,resort #786,13.0,6.7,3.3,3.2
786,resort #787,0.3,12.2,3.9,4.5
787,resort #788,0.0,13.9,5.6,2.5
788,resort #789,0.0,12.8,4.4,2.3
789,resort #790,0.0,14.4,4.4,5.9
790,resort #791,0.5,7.2,4.4,4.7
791,resort #792,19.1,11.1,2.8,5.7
792,resort #793,10.7,14.4,8.9,5.1
793,resort #794,16.5,13.9,7.8,3.9
794,resort #795,46.7,15.6,10.6,3.9
795,resort #796,3.0,13.3,10.0,6.2
796,resort #797,0.0,15.6,8.9,4.2
797,resort #798,32.3,12.8,6.7,2.7
798,resort #799,4.3,15.0,9.4,4.3
799,resort #800,18.8,12.2,6.1,2.2
800,resort #801,0.0,14.4,4.4,2.3
801,resort #802,0.0,16.1,3.3,1.9
802,resort #803,0.5,13.9,5.0,2.5
803,resort #804,6.9,14.4,8.3,6.1
804,resort #805,8.1,16.7,4.4,3.0
805,resort #806,27.7,10.6,4.4,3.8
806,resort #807,0.3,10.0,2.8,3.2
807,resort #808,0.0,10.0,3.3,1.6
808,resort #809,0.5,11.1,3.3,5.1
809,resort #810,0.0,11.1,1.7,3.0
810,resort #811,0.0,10.6,2.8,3.8
811,resort #812,0.0,11.1,1.1,1.8
812,resort #813,0.0,12.8,4.4,3.3
813,resort #814,0.0,18.9,2.8,2.2
814,resort #815,4.1,13.9,6.7,4.4
815,resort #816,3.6,11.1,5.6,2.4
816,resort #817,0.3,12.2,6.7,2.8
817,resort #818,22.1,11.7,7.2,3.9
818,resort #819,14.0,11.7,7.2,5.1
819,resort #820,0.0,11.1,5.0,5.1
820,resort #821,0.0,15.6,2.2,3.8
821,resort #822,0.0,14.4,6.7,2.8
822,resort #823,0.0,14.4,5.6,4.2
823,resort #824,2.5,13.3,6.1,3.9
824,resort #825,0.0,12.8,6.1,4.7
825,resort #826,4.6,11.7,7.8,4.3
826,resort #827,0.0,13.9,8.3,2.6
827,resort #828,0.0,21.1,9.4,2.5
828,resort #829,4.6,15.6,8.3,4.2
829,resort #830,0.0,14.4,6.7,2.9
830,resort #831,0.0,15.0,6.7,3.6
831,resort #832,0.0,17.2,5.0,2.8
832,resort #833,0.0,16.1,7.8,4.4
833,resort #834,0.0,20.6,5.6,3.1
834,resort #835,0.0,20.0,5.6,2.6
835,resort #836,0.5,14.4,7.8,4.0
836,resort #837,10.9,11.1,8.9,4.6
837,resort #838,18.5,11.7,7.2,4.7
838,resort #839,0.0,14.4,5.6,3.8
839,resort #840,13.7,11.7,5.6,4.7
840,resort #841,0.0,15.6,5.6,2.7
841,resort #842,5.1,17.2,7.8,2.5
842,resort #843,14.2,12.2,5.0,4.2
843,resort #844,8.9,11.7,6.1,5.0
844,resort #845,12.4,13.9,6.1,5.3
845,resort #846,0.0,14.4,5.6,2.3
846,resort #847,3.3,15.0,5.6,3.9
847,resort #848,6.9,11.1,6.1,5.8
848,resort #849,0.0,16.1,4.4,2.6
849,resort #850,0.0,25.0,9.4,2.3
850,resort #851,0.0,27.8,9.4,3.9
851,resort #852,0.0,29.4,11.1,3.0
852,resort #853,0.0,18.3,10.6,4.7
853,resort #854,33.3,15.0,8.9,3.4
854,resort #855,16.0,14.4,8.9,4.2
855,resort #856,5.1,15.6,9.4,3.8
856,resort #857,0.0,16.7,8.3,2.6
857,resort #858,0.0,18.3,7.2,1.7
858,resort #859,13.7,13.9,9.4,3.4
859,resort #860,2.0,13.3,7.2,5.6
860,resort #861,0.5,15.6,7.2,2.1
861,resort #862,0.0,18.9,8.3,1.7
862,resort #863,0.0,24.4,9.4,2.7
863,resort #864,0.0,26.7,12.8,3.8
864,resort #865,0.0,27.8,13.3,3.3
865,resort #866,0.0,26.7,12.8,3.0
866,resort #867,0.0,20.0,11.7,4.1
867,resort #868,0.0,20.0,11.7,3.2
868,resort #869,0.0,20.0,10.6,3.2
869,resort #870,0.0,21.1,10.0,2.2
870,resort #871,0.0,22.2,10.0,2.7
871,resort #872,0.0,20.0,10.6,1.7
872,resort #873,0.0,24.4,11.7,2.5
873,resort #874,3.8,20.0,12.8,4.0
874,resort #875,0.0,18.3,11.1,2.4
875,resort #876,5.6,15.0,10.6,1.4
876,resort #877,0.0,18.3,11.1,4.5
877,resort #878,0.0,20.0,10.0,2.5
878,resort #879,0.0,18.9,10.0,3.4
879,resort #880,0.0,18.9,11.1,4.3
880,resort #881,0.0,20.6,8.9,4.5
881,resort #882,0.0,23.3,10.0,2.2
882,resort #883,0.0,22.2,10.6,2.3
883,resort #884,0.0,23.3,11.1,2.4
884,resort #885,0.0,18.3,11.1,3.2
885,resort #886,0.0,19.4,10.0,2.6
886,resort #887,0.0,22.2,10.0,2.4
887,resort #888,0.0,25.0,10.6,3.2
888,resort #889,0.0,24.4,13.3,3.1
889,resort #890,0.0,23.3,12.2,2.1
890,resort #891,0.0,21.1,13.3,3.6
891,resort #892,0.0,20.0,12.2,2.9
892,resort #893,0.0,23.9,11.1,2.7
893,resort #894,1.8,21.7,12.2,4.0
894,resort #895,6.4,15.6,11.1,5.0
895,resort #896,0.0,17.8,11.7,3.2
896,resort #897,0.5,18.3,10.0,3.6
897,resort #898,3.6,17.8,8.9,2.4
898,resort #899,1.3,17.8,10.0,3.0
899,resort #900,0.0,18.9,11.1,2.7
900,resort #901,0.8,25.6,11.7,3.7
901,resort #902,0.3,20.0,10.0,3.4
902,resort #903,0.0,22.2,10.6,3.6
903,resort #904,0.0,25.0,11.1,2.7
904,resort #905,0.0,25.0,13.3,2.5
905,resort #906,0.0,24.4,14.4,2.5
906,resort #907,0.0,26.1,13.9,2.4
907,resort #908,0.0,21.1,14.4,4.1
908,resort #909,1.8,21.1,13.9,4.5
909,resort #910,2.3,20.0,13.3,4.3
910,resort #911,0.0,20.6,12.8,3.2
911,resort #912,0.0,25.6,12.8,4.4
912,resort #913,0.0,34.4,15.6,3.5
913,resort #914,0.0,27.2,14.4,3.6
914,resort #915,0.0,21.7,13.9,3.1
915,resort #916,0.0,23.9,13.9,3.6
916,resort #917,0.0,24.4,13.3,2.2
917,resort #918,0.0,28.9,15.0,3.0
918,resort #919,0.0,27.2,17.8,4.1
919,resort #920,0.0,30.0,15.6,3.5
920,resort #921,0.0,26.7,13.9,2.3
921,resort #922,0.0,28.9,12.8,2.2
922,resort #923,0.0,31.1,15.0,2.2
923,resort #924,0.0,32.2,16.7,2.2
924,resort #925,0.0,29.4,15.0,2.6
925,resort #926,0.0,27.8,15.0,2.8
926,resort #927,0.0,31.1,13.9,2.3
927,resort #928,0.0,31.1,14.4,2.4
928,resort #929,0.0,26.7,13.9,3.7
929,resort #930,0.0,23.9,11.7,2.8
930,resort #931,0.0,25.6,15.0,5.4
931,resort #932,0.0,19.4,14.4,2.8
932,resort #933,0.0,23.9,13.3,2.2
933,resort #934,0.3,21.1,13.3,1.1
934,resort #935,19.3,18.9,13.3,3.3
935,resort #936,0.0,20.6,12.8,4.7
936,resort #937,0.0,22.8,12.2,2.7
937,resort #938,0.0,26.1,13.3,3.6
938,resort #939,0.0,28.3,15.0,4.1
939,resort #940,0.0,30.6,15.0,3.7
940,resort #941,0.0,30.0,15.6,2.8
941,resort #942,0.0,29.4,14.4,3.4
942,resort #943,0.0,30.6,17.8,4.1
943,resort #944,0.0,28.9,15.0,3.3
944,resort #945,0.5,29.4,15.6,1.7
945,resort #946,0.0,31.7,14.4,2.6
946,resort #947,0.0,32.8,16.1,2.6
947,resort #948,0.0,25.0,13.9,2.7
948,resort #949,0.0,26.1,15.0,2.2
949,resort #950,0.0,25.6,13.3,2.4
950,resort #951,0.0,25.6,13.3,2.9
951,resort #952,0.0,27.2,15.6,4.1
952,resort #953,0.0,30.6,13.9,3.4
953,resort #954,0.5,35.6,17.8,2.6
954,resort #955,12.7,27.2,17.2,3.1
955,resort #956,21.6,23.3,15.0,2.7
956,resort #957,0.0,21.1,17.2,0.6
957,resort #958,1.0,24.4,16.7,1.5
958,resort #959,0.0,25.6,15.6,2.2
959,resort #960,0.0,27.8,15.0,2.8
960,resort #961,0.0,29.4,15.6,3.3
961,resort #962,0.0,27.2,15.6,2.4
962,resort #963,0.0,21.7,13.9,3.6
963,resort #964,0.0,21.1,11.1,1.7
964,resort #965,0.0,23.9,13.3,2.9
965,resort #966,0.0,27.8,13.9,2.0
966,resort #967,0.0,25.0,13.3,2.3
967,resort #968,0.0,28.9,14.4,2.0
968,resort #969,0.0,31.1,15.6,1.8
969,resort #970,0.0,28.9,16.1,1.6
970,resort #971,0.0,23.3,14.4,2.3
971,resort #972,0.0,22.8,15.0,3.4
972,resort #973,8.4,17.8,15.0,2.2
973,resort #974,1.3,21.1,13.9,1.9
974,resort #975,0.0,23.3,12.8,2.5
975,resort #976,3.0,20.0,13.9,4.3
976,resort #977,0.0,20.6,12.8,2.7
977,resort #978,0.0,23.9,11.1,3.1
978,resort #979,0.0,27.8,13.9,6.5
979,resort #980,0.0,32.2,15.0,2.9
980,resort #981,0.0,28.3,13.3,2.1
981,resort #982,0.0,21.1,13.3,2.8
982,resort #983,0.0,21.7,13.3,2.3
983,resort #984,0.0,22.2,12.2,3.9
984,resort #985,0.0,24.4,12.8,5.3
985,resort #986,0.0,24.4,12.8,5.9
986,resort #987,0.0,28.3,10.0,4.2
987,resort #988,0.0,30.0,11.7,1.8
988,resort #989,0.0,30.6,12.2,1.2
989,resort #990,0.0,22.2,13.9,2.8
990,resort #991,0.5,22.8,14.4,2.3
991,resort #992,0.3,19.4,15.0,3.1
992,resort #993,0.0,23.9,16.1,2.8
993,resort #994,0.0,24.4,14.4,4.4
994,resort #995,0.0,26.1,12.8,3.0
995,resort #996,0.3,22.2,15.0,2.1
996,resort #997,18.3,18.9,14.4,2.5
997,resort #998,20.3,18.9,14.4,2.7
998,resort #999,4.3,21.7,14.4,2.5
999,resort #1000,8.9,20.0,13.9,3.3
1000,resort #1001,0.0,20.6,11.7,3.2
1001,resort #1002,0.0,18.9,12.2,2.0
1002,resort #1003,0.8,16.7,11.1,3.5
1003,resort #1004,0.0,19.4,12.2,2.6
1004,resort #1005,0.0,18.3,11.1,2.1
1005,resort #1006,0.0,19.4,10.0,2.0
1006,resort #1007,0.0,22.2,8.9,1.0
1007,resort #1008,0.0,21.7,12.2,1.2
1008,resort #1009,0.0,23.9,11.7,1.4
1009,resort #1010,0.0,25.6,13.3,2.5
1010,resort #1011,0.0,18.9,13.9,1.0
1011,resort #1012,0.0,20.6,12.8,1.8
1012,resort #1013,0.0,17.2,11.1,1.0
1013,resort #1014,0.3,18.3,10.0,3.8
1014,resort #1015,7.4,18.3,11.7,3.5
1015,resort #1016,0.0,17.8,11.7,2.1
1016,resort #1017,7.6,21.1,10.0,3.1
1017,resort #1018,7.1,16.7,11.7,2.2
1018,resort #1019,8.6,16.1,11.7,4.7
1019,resort #1020,0.0,20.6,11.1,3.3
1020,resort #1021,3.3,16.7,11.7,3.0
1021,resort #1022,15.0,19.4,13.9,1.9
1022,resort #1023,0.0,22.2,12.8,3.2
1023,resort #1024,11.7,16.1,12.2,3.1
1024,resort #1025,1.0,16.1,11.7,4.7
1025,resort #1026,32.0,15.6,11.7,5.0
1026,resort #1027,9.4,14.4,8.3,4.6
1027,resort #1028,4.1,14.4,8.9,3.2
1028,resort #1029,6.1,16.7,8.3,5.4
1029,resort #1030,1.5,12.8,7.8,5.0
1030,resort #1031,0.8,15.6,6.7,2.4
1031,resort #1032,12.7,15.0,9.4,3.9
1032,resort #1033,0.5,16.7,11.7,3.1
1033,resort #1034,25.4,15.6,11.1,3.2
1034,resort #1035,17.0,12.8,8.3,2.0
1035,resort #1036,0.0,11.1,7.2,1.2
1036,resort #1037,1.8,13.3,7.2,2.9
1037,resort #1038,10.9,13.9,11.1,4.8
1038,resort #1039,4.1,14.4,10.6,3.3
1039,resort #1040,4.8,15.0,10.6,2.1
1040,resort #1041,4.1,16.7,10.6,6.7
1041,resort #1042,0.0,14.4,7.2,2.3
1042,resort #1043,0.0,12.8,3.9,0.8
1043,resort #1044,5.1,13.3,7.8,3.0
1044,resort #1045,0.0,11.1,5.6,3.9
1045,resort #1046,0.0,7.8,1.1,7.7
1046,resort #1047,0.0,6.7,0.0,7.6
1047,resort #1048,0.0,7.2,0.6,4.7
1048,resort #1049,0.0,7.2,-2.1,4.5
1049,resort #1050,0.0,8.3,-1.6,4.2
1050,resort #1051,0.0,9.4,-2.1,4.2
1051,resort #1052,0.0,10.6,-2.1,1.9
1052,resort #1053,0.0,7.2,-0.5,0.9
1053,resort #1054,0.0,11.1,2.2,1.9
1054,resort #1055,3.6,11.1,5.6,2.1
1055,resort #1056,15.2,11.1,8.3,4.7
1056,resort #1057,0.5,9.4,6.7,4.7
1057,resort #1058,11.9,12.8,5.6,5.1
1058,resort #1059,1.3,11.7,4.4,3.8
1059,resort #1060,18.3,13.9,9.4,4.5
1060,resort #1061,0.3,15.0,12.2,3.9
1061,resort #1062,3.3,14.4,11.7,6.6
1062,resort #1063,34.3,12.8,3.3,5.8
1063,resort #1064,3.6,4.4,-4.3,5.3
1064,resort #1065,0.0,2.8,-4.9,4.4
1065,resort #1066,0.0,4.4,-3.2,2.2
1066,resort #1067,0.0,5.6,-3.2,5.7
1067,resort #1068,0.0,10.0,0.0,3.6
1068,resort #1069,0.8,8.3,3.9,1.1
1069,resort #1070,3.0,12.8,6.7,3.1
1070,resort #1071,7.4,11.7,7.8,3.6
1071,resort #1072,0.0,14.4,6.1,2.8
1072,resort #1073,9.1,14.4,8.9,4.2
1073,resort #1074,9.9,16.1,10.6,5.1
1074,resort #1075,13.0,18.9,10.0,6.7
1075,resort #1076,6.9,14.4,8.3,6.4
1076,resort #1077,0.0,11.1,7.2,3.7
1077,resort #1078,0.0,10.0,3.9,1.1
1078,resort #1079,0.0,12.8,1.7,3.5
1079,resort #1080,0.0,12.2,6.7,5.9
1080,resort #1081,0.0,10.0,8.3,4.0
1081,resort #1082,2.8,8.9,6.1,1.6
1082,resort #1083,13.0,9.4,6.7,3.1
1083,resort #1084,3.0,11.1,7.2,4.3
1084,resort #1085,19.6,12.8,6.7,5.5
1085,resort #1086,0.0,12.8,10.0,5.2
1086,resort #1087,0.0,10.6,6.1,1.5
1087,resort #1088,20.6,12.2,5.0,3.8
1088,resort #1089,5.3,7.2,3.9,1.8
1089,resort #1090,0.0,7.8,2.8,2.2
1090,resort #1091,0.0,5.6,1.7,1.2
1091,resort #1092,3.3,9.4,4.4,4.9
1092,resort #1093,4.1,6.7,2.8,1.8
1093,resort #1094,0.0,6.1,0.6,4.3
1094,resort #1095,0.0,3.3,-2.1,3.6
1095,resort #1096,0.0,3.3,-2.7,3.0
1096,resort #1097,0.0,5.6,-3.2,1.2
1097,resort #1098,1.5,5.6,0.0,2.3
1098,resort #1099,0.0,5.0,1.7,1.7
1099,resort #1100,10.2,10.6,3.3,4.5
1100,resort #1101,8.1,12.2,9.4,6.4
1101,resort #1102,0.0,12.2,6.1,1.3
1102,resort #1103,0.0,7.8,5.6,1.6
1103,resort #1104,0.0,7.8,1.7,2.6
1104,resort #1105,0.3,10.0,3.3,0.6
1105,resort #1106,5.8,7.8,6.1,0.5
1106,resort #1107,1.5,9.4,7.2,1.1
1107,resort #1108,0.0,11.1,4.4,1.6
1108,resort #1109,0.0,9.4,2.8,2.7
1109,resort #1110,0.0,6.1,0.6,2.8
1110,resort #1111,9.7,7.8,1.1,3.2
1111,resort #1112,0.0,11.7,5.6,4.5
1112,resort #1113,26.2,13.3,3.3,2.8
1113,resort #1114,21.3,13.9,7.2,6.6
1114,resort #1115,0.5,10.0,6.1,2.8
1115,resort #1116,0.0,10.0,3.3,3.0
1116,resort #1117,0.0,7.2,-0.5,1.3
1117,resort #1118,0.8,9.4,6.1,1.3
1118,resort #1119,5.8,12.2,8.3,2.6
1119,resort #1120,0.5,14.4,11.1,3.3
1120,resort #1121,0.0,17.2,7.2,1.4
1121,resort #1122,0.0,16.1,6.1,2.2
1122,resort #1123,0.8,11.1,8.3,2.0
1123,resort #1124,0.0,12.2,5.0,1.8
1124,resort #1125,0.0,12.2,3.3,2.9
1125,resort #1126,0.0,8.3,1.1,0.8
1126,resort #1127,0.0,7.2,3.3,1.9
1127,resort #1128,1.5,9.4,4.4,2.6
1128,resort #1129,7.4,11.1,5.0,4.0
1129,resort #1130,1.3,10.0,5.6,1.9
1130,resort #1131,8.4,10.6,4.4,1.7
1131,resort #1132,26.2,13.3,8.3,4.6
1132,resort #1133,17.3,14.4,10.0,4.5
1133,resort #1134,23.6,12.2,9.4,4.6
1134,resort #1135,3.6,15.0,8.3,3.9
1135,resort #1136,6.1,13.3,8.3,2.5
1136,resort #1137,0.3,12.8,8.3,4.0
1137,resort #1138,0.0,12.8,5.6,1.0
1138,resort #1139,1.0,16.7,9.4,2.1
1139,resort #1140,0.0,15.6,6.7,1.7
1140,resort #1141,0.3,14.4,6.7,2.9
1141,resort #1142,0.0,12.2,3.9,4.8
1142,resort #1143,0.0,15.0,5.6,6.6
1143,resort #1144,0.0,16.1,4.4,4.0
1144,resort #1145,0.0,12.2,4.4,2.6
1145,resort #1146,4.6,10.6,8.3,2.2
1146,resort #1147,0.8,11.1,7.2,0.9
1147,resort #1148,0.0,12.2,5.6,4.5
1148,resort #1149,0.0,11.7,3.3,4.2
1149,resort #1150,0.0,12.8,0.6,1.4
1150,resort #1151,0.0,11.1,2.2,1.5
1151,resort #1152,4.1,10.0,6.7,1.0
1152,resort #1153,9.4,11.7,7.8,1.4
1153,resort #1154,18.3,10.0,6.7,4.0
1154,resort #1155,0.0,12.2,3.3,5.1
1155,resort #1156,0.0,11.1,1.1,2.2
1156,resort #1157,0.0,11.1,4.4,4.8
1157,resort #1158,0.0,10.6,0.0,2.1
1158,resort #1159,0.0,12.8,-0.5,1.8
1159,resort #1160,0.0,13.3,2.8,1.3
1160,resort #1161,0.0,15.0,3.3,1.4
1161,resort #1162,0.0,16.7,3.9,2.7
1162,resort #1163,0.0,17.2,3.9,1.7
1163,resort #1164,0.0,14.4,4.4,1.8
1164,resort #1165,0.8,13.3,5.0,2.6
1165,resort #1166,2.5,14.4,8.9,3.1
1166,resort #1167,0.0,17.8,9.4,3.2
1167,resort #1168,2.0,17.2,7.8,2.2
1168,resort #1169,17.0,13.9,9.4,3.8
1169,resort #1170,55.9,10.6,6.1,4.2
1170,resort #1171,1.0,13.9,6.1,3.0
1171,resort #1172,0.8,13.3,4.4,2.6
1172,resort #1173,0.0,15.6,7.2,2.5
1173,resort #1174,0.0,15.6,8.3,1.9
1174,resort #1175,4.1,13.9,8.9,1.9
1175,resort #1176,3.8,13.3,8.3,4.7
1176,resort #1177,1.0,11.7,6.1,2.3
1177,resort #1178,8.1,11.1,5.6,2.8
1178,resort #1179,7.6,12.8,6.1,3.9
1179,resort #1180,5.1,14.4,7.2,4.4
1180,resort #1181,0.0,20.6,10.0,2.2
1181,resort #1182,1.0,18.3,8.9,4.0
1182,resort #1183,0.0,15.6,9.4,5.7
1183,resort #1184,0.0,15.6,8.9,3.0
1184,resort #1185,1.8,17.8,10.6,2.9
1185,resort #1186,1.0,12.8,6.1,4.2
1186,resort #1187,5.1,12.8,5.6,3.2
1187,resort #1188,0.0,13.3,5.6,2.4
1188,resort #1189,1.5,11.1,5.0,3.6
1189,resort #1190,0.0,12.8,3.9,1.7
1190,resort #1191,0.0,16.7,2.8,2.4
1191,resort #1192,1.0,13.9,6.7,3.5
1192,resort #1193,0.5,14.4,6.7,3.9
1193,resort #1194,0.0,17.2,6.1,1.7
1194,resort #1195,0.0,17.2,6.1,2.3
1195,resort #1196,10.9,13.9,7.8,4.6
1196,resort #1197,0.0,11.7,5.6,6.5
1197,resort #1198,0.0,13.3,5.6,3.6
1198,resort #1199,14.0,11.7,3.9,3.6
1199,resort #1200,3.3,11.7,2.8,3.3
1200,resort #1201,0.0,13.9,3.3,2.4
1201,resort #1202,0.0,17.8,3.9,3.1
1202,resort #1203,0.0,18.9,6.1,3.6
1203,resort #1204,0.0,18.9,8.3,3.9
1204,resort #1205,0.0,21.1,8.3,3.6
1205,resort #1206,0.0,22.8,7.8,2.6
1206,resort #1207,5.6,17.2,6.7,3.4
1207,resort #1208,0.0,15.6,5.0,2.3
1208,resort #1209,3.0,12.2,6.7,4.1
1209,resort #1210,3.3,12.2,6.1,5.0
1210,resort #1211,1.3,13.3,5.6,3.0
1211,resort #1212,0.0,15.6,4.4,2.7
1212,resort #1213,0.3,25.0,10.6,2.3
1213,resort #1214,1.8,15.6,8.9,4.3
1214,resort #1215,0.0,16.1,7.2,4.7
1215,resort #1216,0.0,17.2,7.8,2.1
1216,resort #1217,0.0,18.3,8.9,3.7
1217,resort #1218,0.0,18.3,7.8,3.7
1218,resort #1219,0.0,20.6,7.8,2.6
1219,resort #1220,0.0,17.2,7.2,5.2
1220,resort #1221,6.1,14.4,7.2,5.1
1221,resort #1222,0.0,16.7,7.2,2.6
1222,resort #1223,0.0,20.6,6.1,3.0
1223,resort #1224,0.0,23.9,8.3,3.0
1224,resort #1225,0.0,26.7,9.4,2.6
1225,resort #1226,0.0,19.4,11.1,2.8
1226,resort #1227,0.0,13.9,10.0,2.5
1227,resort #1228,4.3,15.6,10.6,3.3
1228,resort #1229,4.1,12.2,10.0,2.8
1229,resort #1230,0.3,17.8,9.4,2.0
1230,resort #1231,0.0,20.0,9.4,2.8
1231,resort #1232,0.0,15.6,11.1,3.0
1232,resort #1233,0.0,19.4,10.6,2.1
1233,resort #1234,0.0,25.6,12.2,3.0
1234,resort #1235,0.0,21.7,11.7,2.6
1235,resort #1236,0.0,23.3,10.6,1.8
1236,resort #1237,0.0,25.6,11.7,2.1
1237,resort #1238,0.0,16.7,11.7,3.7
1238,resort #1239,0.0,16.1,11.7,2.6
1239,resort #1240,0.0,17.8,11.1,2.7
1240,resort #1241,0.0,15.6,11.1,2.7
1241,resort #1242,0.0,21.7,11.7,2.1
1242,resort #1243,0.0,24.4,11.7,1.8
1243,resort #1244,0.0,27.8,12.2,2.1
1244,resort #1245,0.0,26.1,12.8,2.5
1245,resort #1246,0.0,22.8,10.0,2.5
1246,resort #1247,0.0,25.0,11.7,2.2
1247,resort #1248,4.6,16.1,11.7,3.4
1248,resort #1249,0.5,17.8,12.8,5.0
1249,resort #1250,0.0,20.0,11.7,3.0
1250,resort #1251,0.0,22.8,11.7,3.9
1251,resort #1252,0.0,26.7,12.8,4.3
1252,resort #1253,0.0,29.4,13.3,2.6
1253,resort #1254,0.0,31.1,15.6,3.2
1254,resort #1255,0.0,30.6,14.4,3.5
1255,resort #1256,0.0,28.9,14.4,2.7
1256,resort #1257,0.0,25.6,11.1,3.0
1257,resort #1258,0.0,24.4,11.1,3.5
1258,resort #1259,0.0,20.0,11.7,2.3
1259,resort #1260,0.0,23.9,9.4,2.6
1260,resort #1261,0.0,27.8,11.7,3.7
1261,resort #1262,0.0,30.0,16.1,3.5
1262,resort #1263,0.0,22.8,11.1,3.0
1263,resort #1264,0.0,25.0,11.1,3.1
1264,resort #1265,0.0,24.4,13.9,3.0
1265,resort #1266,0.5,23.9,13.3,3.2
1266,resort #1267,0.0,25.0,12.8,4.3
1267,resort #1268,0.0,25.6,13.9,3.4
1268,resort #1269,0.0,25.0,12.8,2.4
1269,resort #1270,0.0,26.1,11.7,2.4
1270,resort #1271,0.0,25.6,16.1,2.6
1271,resort #1272,0.0,30.6,15.6,3.0
1272,resort #1273,0.0,31.7,17.8,4.7
1273,resort #1274,0.0,33.3,17.2,3.9
1274,resort #1275,0.3,28.3,18.3,2.1
1275,resort #1276,0.0,28.9,17.2,2.7
1276,resort #1277,0.0,30.6,15.0,3.4
1277,resort #1278,0.0,32.2,17.2,4.3
1278,resort #1279,0.0,33.9,17.8,3.4
1279,resort #1280,0.0,33.3,17.8,2.6
1280,resort #1281,0.0,33.3,15.0,2.9
1281,resort #1282,0.0,32.8,16.7,2.1
1282,resort #1283,0.0,29.4,15.6,3.2
1283,resort #1284,0.0,27.2,13.9,2.4
1284,resort #1285,0.0,30.0,14.4,1.9
1285,resort #1286,0.0,28.9,14.4,3.4
1286,resort #1287,0.0,21.1,16.7,3.7
1287,resort #1288,0.0,22.2,16.7,3.0
1288,resort #1289,0.0,26.1,16.7,2.2
1289,resort #1290,0.0,25.6,16.1,3.1
1290,resort #1291,0.0,27.8,16.1,3.3
1291,resort #1292,0.0,26.1,14.4,3.2
1292,resort #1293,0.0,26.1,15.0,2.8
1293,resort #1294,0.0,27.8,13.9,3.3
1294,resort #1295,0.0,33.3,17.8,3.4
1295,resort #1296,0.0,35.0,17.2,3.3
1296,resort #1297,0.0,26.7,16.7,3.9
1297,resort #1298,0.0,23.9,15.0,2.4
1298,resort #1299,0.0,23.9,13.9,2.8
1299,resort #1300,0.0,26.1,14.4,1.9
1300,resort #1301,0.3,22.8,13.3,3.8
1301,resort #1302,0.0,21.1,14.4,2.4
1302,resort #1303,2.0,22.2,13.9,2.6
1303,resort #1304,0.0,23.3,12.2,1.9
1304,resort #1305,0.0,27.8,13.9,3.4
1305,resort #1306,0.0,32.2,14.4,3.8
1306,resort #1307,0.0,34.4,17.2,3.5
1307,resort #1308,0.0,34.4,17.8,2.6
1308,resort #1309,0.0,33.3,15.6,3.1
1309,resort #1310,0.0,30.6,16.1,2.0
1310,resort #1311,0.0,28.3,17.2,2.3
1311,resort #1312,0.0,26.1,14.4,2.6
1312,resort #1313,0.0,23.3,12.2,3.5
1313,resort #1314,0.0,25.0,15.0,2.9
1314,resort #1315,0.0,28.3,15.6,3.7
1315,resort #1316,0.0,25.0,15.6,3.6
1316,resort #1317,0.0,28.3,15.0,2.2
1317,resort #1318,0.0,28.9,16.1,2.4
1318,resort #1319,0.0,30.0,16.7,4.4
1319,resort #1320,7.6,28.3,16.7,2.7
1320,resort #1321,0.0,28.3,15.6,2.2
1321,resort #1322,30.5,18.3,15.0,5.2
1322,resort #1323,0.0,21.7,13.9,3.7
1323,resort #1324,0.0,25.0,14.4,3.7
1324,resort #1325,0.0,27.2,13.9,3.0
1325,resort #1326,0.0,30.0,15.0,3.0
1326,resort #1327,0.0,31.7,16.1,2.1
1327,resort #1328,2.0,22.8,14.4,4.2
1328,resort #1329,0.0,22.2,14.4,2.6
1329,resort #1330,0.0,26.7,12.2,2.5
1330,resort #1331,0.0,27.8,13.9,1.8
1331,resort #1332,0.0,23.9,12.2,2.3
1332,resort #1333,0.0,25.6,12.2,3.4
1333,resort #1334,0.0,28.3,13.9,1.7
1334,resort #1335,0.0,29.4,14.4,2.1
1335,resort #1336,0.5,23.3,15.6,2.6
1336,resort #1337,32.5,22.2,13.3,5.8
1337,resort #1338,10.2,20.0,12.8,4.7
1338,resort #1339,0.0,18.9,16.1,5.8
1339,resort #1340,5.8,19.4,13.9,5.0
1340,resort #1341,0.0,19.4,11.1,3.8
1341,resort #1342,0.0,18.3,10.6,2.9
1342,resort #1343,0.0,18.3,10.0,2.9
1343,resort #1344,0.3,20.6,8.9,3.5
1344,resort #1345,5.3,16.1,11.7,2.4
1345,resort #1346,0.3,21.1,13.3,1.5
1346,resort #1347,0.0,22.8,13.3,2.4
1347,resort #1348,0.0,24.4,13.9,3.3
1348,resort #1349,0.0,25.0,14.4,3.6
1349,resort #1350,0.0,27.2,15.0,3.1
1350,resort #1351,0.0,26.7,14.4,2.1
1351,resort #1352,0.5,20.6,12.8,3.0
1352,resort #1353,0.0,16.7,10.6,3.4
1353,resort #1354,0.0,17.8,10.0,2.8
1354,resort #1355,1.0,20.0,10.0,1.9
1355,resort #1356,1.8,18.3,12.8,3.8
1356,resort #1357,0.0,19.4,12.8,2.6
1357,resort #1358,0.0,21.1,14.4,4.3
1358,resort #1359,4.1,22.8,12.2,6.8
1359,resort #1360,0.0,18.3,9.4,2.7
1360,resort #1361,0.0,18.9,7.8,2.0
1361,resort #1362,0.0,20.6,8.3,1.8
1362,resort #1363,0.0,22.2,11.1,2.5
1363,resort #1364,2.0,15.6,12.8,2.6
1364,resort #1365,0.0,18.3,10.0,2.7
1365,resort #1366,0.0,17.8,7.2,3.8
1366,resort #1367,0.0,21.1,9.4,5.1
1367,resort #1368,0.0,21.7,8.9,1.9
1368,resort #1369,0.0,18.3,10.0,1.3
1369,resort #1370,0.0,21.1,9.4,1.3
1370,resort #1371,0.0,15.6,10.0,2.9
1371,resort #1372,0.0,19.4,11.1,4.8
1372,resort #1373,0.0,22.8,10.0,3.7
1373,resort #1374,0.0,23.3,9.4,1.6
1374,resort #1375,0.0,18.3,10.0,2.6
1375,resort #1376,9.9,16.1,13.9,2.2
1376,resort #1377,0.0,18.9,13.3,1.1
1377,resort #1378,0.3,19.4,12.2,2.6
1378,resort #1379,28.7,21.1,13.3,4.7
1379,resort #1380,0.0,17.8,10.6,2.6
1380,resort #1381,4.6,18.3,10.6,2.8
1381,resort #1382,1.3,16.7,9.4,3.2
1382,resort #1383,0.0,15.0,10.0,5.0
1383,resort #1384,0.0,21.1,9.4,3.4
1384,resort #1385,0.0,20.0,8.9,1.3
1385,resort #1386,0.3,19.4,11.7,1.3
1386,resort #1387,3.8,15.0,12.8,2.0
1387,resort #1388,0.3,17.2,12.2,2.6
1388,resort #1389,0.0,17.8,10.6,1.8
1389,resort #1390,0.0,16.1,8.3,1.3
1390,resort #1391,0.0,16.1,8.9,2.7
1391,resort #1392,0.0,12.8,7.2,2.6
1392,resort #1393,0.0,15.0,8.9,2.9
1393,resort #1394,8.9,19.4,8.9,3.4
1394,resort #1395,6.9,12.2,10.0,4.6
1395,resort #1396,0.0,16.1,7.8,1.7
1396,resort #1397,3.3,13.9,11.1,2.8
1397,resort #1398,1.8,15.0,12.2,4.7
1398,resort #1399,19.3,17.2,11.7,6.7
1399,resort #1400,33.0,15.6,11.7,7.2
1400,resort #1401,26.2,12.2,8.9,6.0
1401,resort #1402,0.3,11.1,7.2,2.8
1402,resort #1403,0.8,10.6,5.0,1.4
1403,resort #1404,0.0,10.0,3.3,2.2
1404,resort #1405,1.3,11.7,7.8,2.3
1405,resort #1406,0.0,15.6,8.3,2.7
1406,resort #1407,12.7,12.2,9.4,3.0
1407,resort #1408,6.6,11.1,7.8,1.8
1408,resort #1409,3.3,10.0,5.0,1.3
1409,resort #1410,1.3,11.1,3.9,3.9
1410,resort #1411,1.5,11.1,6.1,4.6
1411,resort #1412,9.9,11.1,5.0,5.1
1412,resort #1413,33.5,13.3,9.4,6.5
1413,resort #1414,47.2,9.4,6.1,4.5
1414,resort #1415,22.4,8.9,2.2,4.1
1415,resort #1416,2.0,8.9,1.7,4.0
1416,resort #1417,29.5,13.3,6.7,8.0
1417,resort #1418,1.5,8.9,3.3,3.8
1418,resort #1419,2.0,8.9,2.8,4.2
1419,resort #1420,0.0,8.3,0.6,4.0
1420,resort #1421,0.0,8.9,0.6,4.7
1421,resort #1422,0.0,10.0,1.7,3.1
1422,resort #1423,3.0,6.7,0.0,1.3
1423,resort #1424,7.1,6.7,2.8,4.5
1424,resort #1425,0.0,7.2,0.0,5.7
1425,resort #1426,0.0,9.4,-1.0,4.3
1426,resort #1427,0.0,9.4,-1.6,3.0
1427,resort #1428,0.0,7.2,-2.7,1.0
1428,resort #1429,0.0,1.7,-2.1,0.9
1429,resort #1430,0.5,5.6,-3.8,1.7
1430,resort #1431,12.2,10.0,3.9,3.5
1431,resort #1432,2.5,10.6,4.4,5.0
1432,resort #1433,12.7,15.6,7.8,5.9
1433,resort #1434,2.0,10.6,6.1,4.7
1434,resort #1435,15.7,10.0,6.1,4.0
1435,resort #1436,11.2,12.8,7.2,5.9
1436,resort #1437,27.4,11.1,8.3,3.4
1437,resort #1438,54.1,15.6,10.0,6.2
1438,resort #1439,13.5,12.2,7.8,6.3
1439,resort #1440,9.4,11.7,6.1,7.5
1440,resort #1441,0.3,9.4,4.4,2.8
1441,resort #1442,16.0,8.9,5.6,5.6
1442,resort #1443,1.3,7.8,6.1,6.1
1443,resort #1444,0.0,7.8,1.7,1.7
1444,resort #1445,1.5,6.7,1.1,2.9
1445,resort #1446,3.6,6.1,2.8,2.3
1446,resort #1447,21.8,6.7,3.9,6.0
1447,resort #1448,18.5,8.9,4.4,5.1
1448,resort #1449,0.0,8.3,2.8,4.1
1449,resort #1450,4.3,7.8,4.4,6.7
1450,resort #1451,27.4,5.6,2.8,4.3
1451,resort #1452,4.6,7.8,2.8,5.0
1452,resort #1453,6.1,5.0,2.8,7.6
1453,resort #1454,2.5,5.6,2.2,4.3
1454,resort #1455,5.8,5.0,2.2,1.5
1455,resort #1456,0.0,4.4,0.0,2.5
1456,resort #1457,8.6,4.4,1.7,2.9
1457,resort #1458,1.5,5.0,1.7,1.3
1458,resort #1459,0.0,7.2,0.6,2.6
1459,resort #1460,0.0,5.6,-1.0,3.4
1460,resort #1461,0.0,5.6,-2.1,3.5
